first_name,last_name,email,gender,application_date
Roy,Abbott,RoyAbbott32@gmail.com,male,12-08-2017
Agnes,Acevedo,AgnesAcevedo1@gmail.com,female,29-09-2017
Roberta,Acevedo,RA8063@gmail.com,female,15-09-2017
Darren,Acosta,DAcosta1996@hotmail.com,male,26-07-2017
Vernon,Acosta,VAcosta1975@gmail.com,male,14-07-2017
Ray,Adkins,RAdkins1997@gmail.com,male,12-08-2017
Dawn,Adkins,Dawn.Adkins@gmail.com,female,24-08-2017
Anna,Aguilar,AA9306@gmail.com,female,10-09-2017
Michele,Albert,MA7730@gmail.com,female,04-09-2017
Joel,Alvarado,JA8797@gmail.com,male,05-07-2017
Cheryl,Ashley,CAshley1996@gmail.com,female,28-08-2017
Roberta,Atkins,Roberta.Atkins@gmail.com,female,14-08-2017
Ashley,Avila,AAvila1987@gmail.com,female,31-08-2017
Jeffrey,Ayers,JA2824@gmail.com,male,29-07-2017
Terrence,Ayers,Terrence.Ayers@gmail.com,male,10-07-2017
Jeremy,Baldwin,Jeremy.Baldwin@gmail.com,male,30-08-2017
Sylvia,Ball,SB3116@gmail.com,female,18-09-2017
Jesse,Ballard,JBallard1991@gmail.com,male,26-09-2017
Margie,Ballard,MBallard1997@outlook.com,female,03-08-2017
Arnold,Ballard,ABallard1998@hotmail.com,male,16-08-2017
Claire,Barker,CBarker1997@gmail.com,female,19-07-2017
Mark,Barlow,MarkBarlow10@gmail.com,male,11-09-2017
Robert,Barr,RobertBarr30@gmail.com,male,30-09-2017
Dwight,Barrera,DwightBarrera96@outlook.com,male,30-09-2017
Ivan,Barron,IB8386@hotmail.com,male,11-08-2017
Marlene,Barron,MBarron1979@yahoo.com,female,11-07-2017
Shirley,Bass,SBass1970@gmail.com,female,04-08-2017
Marcus,Bauer,Marcus.Bauer@gmail.com,male,03-07-2017
Chris,Bauer,CB8607@gmail.com,male,21-07-2017
Gilbert,Beach,GB3436@outlook.com,male,25-07-2017
Armando,Bender,Armando.Bender@gmail.com,male,13-07-2017
Jonathan,Benjamin,JonathanBenjamin38@gmail.com,male,17-08-2017
Joe,Benjamin,JoeBenjamin73@gmail.com,male,25-08-2017
Gene,Berg,GBerg1984@gmail.com,male,21-07-2017
Leslie,Bernard,LeslieBernard55@gmail.com,male,22-07-2017
Franklin,Bernard,FranklinBernard26@gmail.com,male,31-07-2017
Lena,Bernard,LenaBernard15@gmail.com,female,14-08-2017
Beth,Best,BBest1974@gmail.com,female,27-08-2017
Billy,Best,BBest1996@gmail.com,male,18-09-2017
Jerome,Blake,Jerome.Blake@gmail.com,male,29-08-2017
Julie,Blanchard,JulieBlanchard9@yahoo.com,female,10-07-2017
Sam,Bond,SamBond90@gmail.com,male,10-07-2017
Derek,Bond,DB7934@gmail.com,male,03-08-2017
Marian,Bond,MBond1974@gmail.com,female,15-08-2017
Juan,Booker,JB5773@gmail.com,male,19-08-2017
Crystal,Booker,CB8484@gmail.com,female,13-09-2017
Kevin,Boone,KevinBoone73@gmail.com,male,09-07-2017
Edward,Bowen,Edward.Bowen@gmail.com,male,04-07-2017
Norman,Bowen,NB3860@gmail.com,male,18-08-2017
Dave,Bowen,DB6825@gmail.com,male,07-08-2017
Josephine,Bowen,JosephineBowen65@gmail.com,female,02-10-2017
Isaac,Bradford,Isaac.Bradford@gmail.com,male,11-07-2017
Daryl,Bradshaw,DarylBradshaw61@gmail.com,male,19-07-2017
Willie,Bradshaw,Willie.Bradshaw@gmail.com,female,08-07-2017
Ken,Branch,KenBranch1@gmail.com,male,19-08-2017
Suzanne,Bray,SB5572@gmail.com,female,06-08-2017
Sean,Brennan,SB7850@outlook.com,male,29-08-2017
Cynthia,Brennan,CBrennan1991@gmail.com,female,09-09-2017
Lonnie,Brennan,Lonnie.Brennan@gmail.com,male,17-07-2017
Caroline,Bridges,CB1282@gmail.com,female,01-10-2017
Tracy,Briggs,Tracy.Briggs@aol.com,female,02-10-2017
Danielle,Bright,DBright1989@gmail.com,female,30-08-2017
Ken,Brock,KBrock1970@outlook.com,male,21-08-2017
Shane,Bruce,SBruce1989@gmail.com,male,06-07-2017
Herman,Buchanan,HBuchanan1995@gmail.com,male,22-09-2017
Jessie,Buck,Jessie.Buck@gmail.com,male,13-07-2017
Erika,Buckley,EB9391@yahoo.com,female,06-07-2017
Maurice,Bullock,MB6098@gmail.com,male,02-09-2017
Michael,Burks,MB9820@gmail.com,male,07-07-2017
Jesse,Burris,JesseBurris72@gmail.com,male,14-09-2017
Stanley,Burris,Stanley.Burris@gmail.com,male,08-07-2017
Dorothy,Burris,DB5797@hotmail.com,female,04-09-2017
Everett,Burt,EB8492@gmail.com,male,17-08-2017
Ted,Burt,TBurt1974@gmail.com,male,04-08-2017
Frederick,Byers,FrederickByers40@gmail.com,male,29-07-2017
Terry,Byers,TerryByers71@gmail.com,male,02-09-2017
Sylvia,Byers,SByers1976@gmail.com,female,29-09-2017
Bernice,Cabrera,BC2331@gmail.com,female,30-07-2017
Ross,Cabrera,Ross.Cabrera@gmail.com,male,06-08-2017
Sarah,Cain,Sarah.Cain@gmail.com,female,11-09-2017
Tim,Camacho,Tim.Camacho@aol.com,male,03-09-2017
Florence,Cameron,FC2566@gmail.com,female,09-07-2017
Miriam,Cannon,MCannon1991@gmail.com,female,04-09-2017
Lillian,Cantrell,Lillian.Cantrell@gmail.com,female,27-09-2017
Raymond,Cantrell,Raymond.Cantrell@gmail.com,male,13-09-2017
Katie,Cardenas,KatieCardenas30@hotmail.com,female,22-07-2017
Salvador,Cardenas,SCardenas1980@gmail.com,male,06-07-2017
Danny,Carey,DCarey1976@gmail.com,male,10-07-2017
Eva,Carey,ECarey1984@gmail.com,female,25-09-2017
Cecil,Carney,CecilCarney65@gmail.com,male,13-08-2017
Darrell,Carrillo,DarrellCarrillo76@gmail.com,male,29-09-2017
Julian,Carver,JulianCarver69@gmail.com,male,29-09-2017
Nelson,Cash,NelsonCash44@gmail.com,male,17-07-2017
Billy,Castaneda,BillyCastaneda4@gmail.com,male,27-09-2017
Ida,Chan,IC7428@gmail.com,female,10-09-2017
Bonnie,Chan,BChan1976@gmail.com,female,26-09-2017
Marie,Chandler,MChandler1977@gmail.com,female,26-08-2017
Jacqueline,Chaney,JC7637@gmail.com,female,28-08-2017
Alfredo,Chang,Alfredo.Chang@gmail.com,male,17-07-2017
Ricky,Charles,RC9795@gmail.com,male,21-09-2017
Shelly,Charles,SCharles1992@gmail.com,female,28-09-2017
Wesley,Chase,WesleyChase63@gmail.com,male,12-08-2017
Victoria,Chen,VictoriaChen33@gmail.com,female,01-09-2017
Eileen,Chen,EChen1981@outlook.com,female,17-07-2017
Barry,Christian,BC7060@outlook.com,male,21-07-2017
Johnnie,Christian,Johnnie.Christian@hotmail.com,male,04-08-2017
Evelyn,Christian,EC3979@hotmail.com,female,09-08-2017
Allan,Church,Allan.Church@gmail.com,male,08-08-2017
Ida,Clemons,Ida.Clemons@gmail.com,female,28-07-2017
Tracey,Clemons,Tracey.Clemons@gmail.com,female,17-09-2017
Oscar,Cleveland,OscarCleveland82@outlook.com,male,24-09-2017
Anita,Cline,ACline1970@gmail.com,female,05-09-2017
Jonathan,Cobb,JCobb1981@gmail.com,male,15-07-2017
Joyce,Cochran,JoyceCochran79@gmail.com,female,31-08-2017
Nicholas,Cohen,NC6032@outlook.com,male,19-09-2017
Nora,Collier,NoraCollier26@gmail.com,female,15-07-2017
Alice,Compton,AC3144@gmail.com,female,08-07-2017
Keith,Compton,KC4657@gmail.com,male,07-07-2017
Heidi,Conley,HeidiConley37@hotmail.com,female,18-07-2017
Jo,Conner,JConner1999@gmail.com,female,06-08-2017
Sam,Conrad,SConrad1974@gmail.com,male,07-09-2017
Lena,Cooke,LCooke1996@gmail.com,female,09-08-2017
Lester,Cooke,LC9371@gmail.com,male,12-08-2017
Billy,Cooke,BCooke1995@gmail.com,male,14-09-2017
Adrian,Cooley,AdrianCooley75@gmail.com,male,05-08-2017
Perry,Cortez,PerryCortez82@gmail.com,male,17-07-2017
Jimmie,Cote,JimmieCote31@gmail.com,male,07-07-2017
Bonnie,Cotton,BCotton1971@gmail.com,female,30-08-2017
Harry,Craft,HarryCraft66@gmail.com,male,07-07-2017
Corey,Crosby,CC2695@gmail.com,male,16-09-2017
Jo,Cross,JC6202@gmail.com,female,19-09-2017
Jeffery,Dale,Jeffery.Dale@gmail.com,male,01-08-2017
Harry,Dale,HarryDale81@hotmail.com,male,03-09-2017
Esther,Dalton,ED7197@gmail.com,female,21-07-2017
Salvador,Daniel,Salvador.Daniel@gmail.com,male,30-07-2017
Myrtle,Daugherty,MDaugherty1988@gmail.com,female,24-08-2017
Audrey,Davenport,AudreyDavenport88@gmail.com,female,07-09-2017
Connie,David,CD1902@aol.com,female,13-09-2017
Julie,Decker,Julie.Decker@gmail.com,female,10-07-2017
Manuel,Decker,MDecker1991@gmail.com,male,23-09-2017
Roland,Decker,RD7623@gmail.com,male,14-09-2017
Nelson,Dejesus,ND1356@gmail.com,male,10-07-2017
Richard,Delaney,RD6859@gmail.com,male,21-07-2017
Terri,Delaney,Terri.Delaney@gmail.com,female,27-09-2017
Francisco,Deleon,FranciscoDeleon24@gmail.com,male,05-08-2017
Alexander,Dickson,Alexander.Dickson@gmail.com,male,10-09-2017
Gladys,Dickson,Gladys.Dickson@gmail.com,female,28-08-2017
Florence,Dominguez,FDominguez1976@gmail.com,female,17-07-2017
Earl,Dominguez,EDominguez1987@outlook.com,male,23-08-2017
Leo,Dominguez,Leo.Dominguez@gmail.com,male,14-09-2017
Terrence,Dorsey,Terrence.Dorsey@outlook.com,male,26-08-2017
Marion,Dorsey,MDorsey1979@gmail.com,male,09-07-2017
Ellen,Doyle,EllenDoyle61@gmail.com,female,15-08-2017
Pamela,Drake,Pamela.Drake@outlook.com,female,09-08-2017
Regina,Drake,RDrake1996@gmail.com,female,06-09-2017
Jennie,Duran,JD7223@gmail.com,female,01-10-2017
Leroy,Durham,LDurham1979@gmail.com,male,22-07-2017
Joan,Ellison,JE4113@gmail.com,female,15-08-2017
Marilyn,England,ME5968@gmail.com,female,22-07-2017
Myrtle,Erickson,MyrtleErickson3@gmail.com,female,22-08-2017
Deborah,Espinoza,Deborah.Espinoza@gmail.com,female,30-09-2017
Lloyd,Espinoza,LEspinoza1974@gmail.com,male,08-09-2017
Melinda,Espinoza,ME5400@gmail.com,female,14-07-2017
Jenny,Ewing,Jenny.Ewing@outlook.com,female,08-07-2017
Billie,Ewing,BillieEwing74@gmail.com,female,31-07-2017
Colleen,Farley,ColleenFarley70@gmail.com,female,19-08-2017
Felicia,Farrell,Felicia.Farrell@gmail.com,female,30-09-2017
Ramon,Faulkner,RF3327@gmail.com,male,12-07-2017
Theodore,Ferrell,TF7619@yahoo.com,male,19-09-2017
Chester,Finley,CFinley1995@gmail.com,male,18-09-2017
Suzanne,Fischer,Suzanne.Fischer@gmail.com,female,05-09-2017
Christina,Fischer,ChristinaFischer28@gmail.com,female,26-09-2017
Jackie,Fitzpatrick,Jackie.Fitzpatrick@gmail.com,female,06-09-2017
Derek,Flynn,DFlynn1990@gmail.com,male,20-07-2017
Gertrude,Franco,GF5916@gmail.com,female,13-07-2017
Robin,Frank,RF9058@hotmail.com,female,04-10-2017
Teresa,Frederick,TFrederick1999@hotmail.com,female,18-09-2017
Megan,French,Megan.French@gmail.com,female,26-09-2017
Tim,Frost,Tim.Frost@gmail.com,male,24-09-2017
Kathy,Fry,KF4944@gmail.com,female,17-09-2017
Marvin,Fry,MFry1979@gmail.com,male,23-09-2017
Dawn,Fry,DFry1990@gmail.com,female,30-09-2017
Angela,Fry,AngelaFry83@gmail.com,female,20-08-2017
Terrance,Fuentes,TerranceFuentes51@outlook.com,male,26-09-2017
Sara,Fulton,SF3973@gmail.com,female,17-08-2017
Eugene,Fulton,EFulton1997@outlook.com,male,11-08-2017
Jon,Galloway,JG7663@gmail.com,male,16-09-2017
Patsy,Galloway,PG5937@gmail.com,female,24-09-2017
Tanya,Gamble,TGamble1975@gmail.com,female,02-08-2017
Martha,Garner,Martha.Garner@gmail.com,female,30-07-2017
Kristen,Gates,Kristen.Gates@hotmail.com,female,25-09-2017
Chris,Gay,CG2429@gmail.com,male,09-08-2017
Michael,Gibbs,MG3161@hotmail.com,male,29-09-2017
Freddie,Giles,FGiles1984@gmail.com,male,22-09-2017
Melissa,Gill,MelissaGill70@gmail.com,female,01-08-2017
Tamara,Gilmore,TGilmore1988@outlook.com,female,27-07-2017
Ann,Glenn,AG1872@gmail.com,female,06-08-2017
Claude,Glover,ClaudeGlover26@gmail.com,male,29-08-2017
Brenda,Glover,BG7293@gmail.com,female,27-07-2017
Christopher,Goff,Christopher.Goff@gmail.com,male,01-08-2017
Louise,Goff,LG6831@yahoo.com,female,26-08-2017
Joseph,Golden,JGolden1990@gmail.com,male,01-09-2017
Colleen,Goodwin,Colleen.Goodwin@gmail.com,female,18-07-2017
Bernice,Greer,BerniceGreer23@gmail.com,female,24-09-2017
Michelle,Guerra,MG4660@gmail.com,female,06-09-2017
Nellie,Guerrero,Nellie.Guerrero@gmail.com,female,22-08-2017
Marvin,Guerrero,MarvinGuerrero13@gmail.com,male,25-07-2017
Erika,Guthrie,ErikaGuthrie24@gmail.com,female,11-09-2017
Norma,Guy,NormaGuy96@gmail.com,female,07-07-2017
Diana,Hahn,DianaHahn69@outlook.com,female,18-08-2017
Virginia,Hahn,VHahn1970@gmail.com,female,14-07-2017
Lee,Hammond,LeeHammond33@gmail.com,male,09-08-2017
David,Hancock,DHancock1974@gmail.com,male,29-07-2017
Stacy,Hancock,SHancock1992@outlook.com,female,13-07-2017
Duane,Hancock,DHancock1973@gmail.com,male,25-07-2017
Calvin,Haney,Calvin.Haney@gmail.com,male,28-08-2017
Todd,Haney,ToddHaney40@hotmail.com,male,21-07-2017
Marcus,Harrell,MH1955@gmail.com,male,30-08-2017
Wayne,Harrell,Wayne.Harrell@gmail.com,male,12-09-2017
Sonia,Harrell,SoniaHarrell53@gmail.com,female,12-07-2017
Connie,Harrell,CHarrell1988@gmail.com,female,24-09-2017
Betty,Hatfield,BH4868@gmail.com,female,01-09-2017
Irene,Hatfield,IHatfield1977@gmail.com,female,05-08-2017
Justin,Hayden,JHayden1985@gmail.com,male,16-07-2017
Christian,Hayden,ChristianHayden96@gmail.com,male,30-08-2017
Maurice,Head,MHead1978@outlook.com,male,20-07-2017
Ricky,Head,RHead1989@gmail.com,male,13-08-2017
Alex,Hebert,AlexHebert17@gmail.com,male,12-08-2017
Barry,Hebert,BHebert1981@gmail.com,male,11-07-2017
Thelma,Hebert,Thelma.Hebert@gmail.com,female,16-08-2017
Bryan,Hendricks,BryanHendricks71@outlook.com,male,12-07-2017
Jim,Hensley,JimHensley19@gmail.com,male,29-08-2017
Gina,Hensley,GinaHensley42@gmail.com,female,08-07-2017
June,Henson,June.Henson@gmail.com,female,30-07-2017
Ronald,Herman,RHerman1974@gmail.com,male,29-07-2017
Brian,Herman,BHerman1970@gmail.com,male,25-07-2017
Maureen,Herring,MH3207@gmail.com,female,15-08-2017
Jill,Hess,JillHess22@gmail.com,female,06-07-2017
Freddie,Hess,FH6835@gmail.com,male,30-07-2017
Connie,Hester,CH9051@gmail.com,female,13-07-2017
Dawn,Hester,DawnHester85@gmail.com,female,03-09-2017
Judy,Hickman,Judy.Hickman@outlook.com,female,03-07-2017
Sonia,Higgins,Sonia.Higgins@gmail.com,female,26-07-2017
Anthony,Higgins,Anthony.Higgins@aol.com,male,04-08-2017
Javier,Hinton,JHinton1994@gmail.com,male,16-07-2017
Jim,Hodge,JimHodge68@gmail.com,male,21-08-2017
Stephanie,Hogan,SHogan1999@outlook.com,female,07-09-2017
Mildred,Hogan,Mildred.Hogan@gmail.com,female,28-09-2017
Heather,Hogan,Heather.Hogan@gmail.com,female,17-09-2017
Bradley,Holcomb,BH9379@gmail.com,male,23-08-2017
Cathy,Holcomb,CH2376@gmail.com,female,17-09-2017
Jessie,Holder,JessieHolder15@gmail.com,female,03-09-2017
Stephanie,Holloway,SH6194@aol.com,female,29-09-2017
Edna,Holman,EH2087@gmail.com,female,25-08-2017
Kimberly,Hooper,KH2547@gmail.com,female,08-07-2017
Debbie,Hooper,Debbie.Hooper@gmail.com,female,27-09-2017
Rafael,Hoover,RHoover1979@gmail.com,male,28-09-2017
Eddie,Hoover,EddieHoover42@gmail.com,male,02-09-2017
Nelson,Horn,NHorn1988@gmail.com,male,07-08-2017
Rafael,Horn,RafaelHorn10@outlook.com,male,21-07-2017
Mike,Horn,MH2633@gmail.com,male,13-07-2017
Tyrone,Horne,TyroneHorne61@gmail.com,male,29-09-2017
Danielle,Horne,DHorne1985@hotmail.com,female,12-07-2017
Alice,Houston,AH6808@gmail.com,female,07-09-2017
Jenny,Hubbard,JH1325@gmail.com,female,12-09-2017
Penny,Huff,PH9663@gmail.com,female,20-07-2017
Randy,Huffman,Randy.Huffman@gmail.com,male,30-08-2017
Ben,Humphrey,BenHumphrey18@outlook.com,male,12-08-2017
Suzanne,Humphrey,SuzanneHumphrey4@gmail.com,female,13-09-2017
Pamela,Hurst,PHurst1997@gmail.com,female,04-07-2017
Christina,Hutchinson,CHutchinson1986@gmail.com,female,12-08-2017
Betty,Hyde,BettyHyde8@gmail.com,female,24-07-2017
Sheila,Hyde,Sheila.Hyde@gmail.com,female,16-09-2017
Dwight,Ingram,DIngram1974@hotmail.com,male,16-07-2017
Rose,Ingram,RI6424@gmail.com,female,29-09-2017
Sean,Ingram,Sean.Ingram@gmail.com,male,21-07-2017
Nathaniel,Irwin,Nathaniel.Irwin@gmail.com,male,31-07-2017
Albert,Jarvis,Albert.Jarvis@gmail.com,male,25-09-2017
Theodore,Jarvis,TheodoreJarvis48@hotmail.com,male,26-09-2017
Sam,Jarvis,Sam.Jarvis@gmail.com,male,15-07-2017
Enrique,Jefferson,EnriqueJefferson51@gmail.com,male,15-08-2017
Bessie,Joyner,Bessie.Joyner@gmail.com,female,18-08-2017
Jeff,Kane,JeffKane30@gmail.com,male,29-08-2017
Stephen,Keith,SKeith1989@aol.com,male,11-07-2017
Alexander,Keith,AKeith1995@gmail.com,male,06-09-2017
Darlene,Kent,DKent1992@gmail.com,female,07-09-2017
Ethel,Kent,Ethel.Kent@gmail.com,female,23-08-2017
Frances,Kerr,FK7982@gmail.com,female,10-09-2017
Debbie,Kerr,DKerr1989@gmail.com,female,04-09-2017
Tiffany,Kidd,TK6890@yahoo.com,female,12-08-2017
Floyd,Kinney,FKinney1978@gmail.com,male,26-07-2017
Nellie,Kirk,NKirk1988@gmail.com,female,23-09-2017
Scott,Kirk,ScottKirk88@gmail.com,male,25-08-2017
Mae,Klein,MaeKlein73@gmail.com,female,17-09-2017
Jeffery,Klein,JK2140@yahoo.com,male,15-08-2017
Roger,Knapp,RK7680@gmail.com,male,03-07-2017
Douglas,Knapp,DK1806@gmail.com,male,23-09-2017
Wallace,Knowles,WK9520@gmail.com,male,19-07-2017
Louise,Knowles,LouiseKnowles89@gmail.com,female,23-09-2017
Floyd,Knowles,FK8054@gmail.com,male,31-08-2017
Marvin,Knox,MarvinKnox28@gmail.com,male,13-09-2017
Kurt,Knox,KK8989@gmail.com,male,07-09-2017
Marie,Knox,MKnox1994@gmail.com,female,25-07-2017
Betty,Koch,Betty.Koch@outlook.com,female,06-07-2017
Sally,Koch,SK8656@gmail.com,female,20-09-2017
Lisa,Kramer,Lisa.Kramer@gmail.com,female,14-07-2017
Greg,Kramer,GKramer1988@gmail.com,male,13-09-2017
Patrick,Lamb,PatrickLamb94@outlook.com,male,03-08-2017
Jeremy,Lamb,JLamb1984@gmail.com,male,23-09-2017
Kristin,Langley,KLangley1988@gmail.com,female,19-09-2017
Alice,Lara,ALara1996@gmail.com,female,31-07-2017
Ella,Larsen,EL1922@gmail.com,female,14-08-2017
Gordon,Le,GordonLe26@gmail.com,male,11-09-2017
Erika,Le,ELe1990@gmail.com,female,20-08-2017
Cody,Lester,CLester1987@gmail.com,male,21-07-2017
Martha,Levy,Martha.Levy@gmail.com,female,12-07-2017
Harvey,Lindsay,HL6831@gmail.com,male,03-09-2017
Milton,Lindsay,Milton.Lindsay@gmail.com,male,19-07-2017
Sue,Livingston,SueLivingston45@gmail.com,female,01-08-2017
Julie,Livingston,JulieLivingston40@gmail.com,female,06-09-2017
Cecil,Lloyd,CecilLloyd37@yahoo.com,male,28-07-2017
Donna,Logan,Donna.Logan@outlook.com,female,11-08-2017
Justin,Luna,JustinLuna88@gmail.com,male,03-08-2017
Allen,Luna,Allen.Luna@gmail.com,male,20-07-2017
Roberto,Lynn,Roberto.Lynn@gmail.com,male,16-08-2017
Monica,Lynn,MonicaLynn30@gmail.com,female,20-08-2017
Dwight,Lyons,DL5159@gmail.com,male,08-07-2017
Dora,Macias,DMacias1982@gmail.com,female,31-07-2017
Courtney,Mack,CourtneyMack54@hotmail.com,female,12-07-2017
Billy,Maddox,BMaddox1990@gmail.com,male,28-07-2017
Velma,Maldonado,Velma.Maldonado@gmail.com,female,28-09-2017
Jeffery,Malone,JM7923@gmail.com,male,10-08-2017
Erika,Manning,EM9357@gmail.com,female,06-07-2017
Amanda,Manning,AM4330@gmail.com,female,20-09-2017
Laurie,Marks,Laurie.Marks@gmail.com,female,23-09-2017
Becky,Marsh,BeckyMarsh94@outlook.com,female,05-08-2017
Terrance,Massey,Terrance.Massey@gmail.com,male,11-07-2017
Matthew,Mathews,MatthewMathews83@gmail.com,male,13-07-2017
Alicia,Maxwell,AM3940@hotmail.com,female,23-09-2017
Alex,Maxwell,Alex.Maxwell@gmail.com,male,09-07-2017
Angela,Mayer,Angela.Mayer@gmail.com,female,31-07-2017
Toni,Mayer,TM1915@gmail.com,female,22-08-2017
Pamela,Maynard,Pamela.Maynard@gmail.com,female,20-09-2017
Lois,Maynard,LoisMaynard10@hotmail.com,female,05-10-2017
Walter,Mcbride,WalterMcbride94@outlook.com,male,11-07-2017
Jose,Mccall,JM2161@gmail.com,male,05-07-2017
Rick,Mccarthy,RickMccarthy30@gmail.com,male,28-09-2017
Claude,Mccarty,Claude.Mccarty@gmail.com,male,13-09-2017
Karl,Mcclain,KarlMcclain54@gmail.com,male,25-09-2017
Brett,Mcconnell,BM3459@gmail.com,male,29-08-2017
Dean,Mcconnell,DeanMcconnell23@gmail.com,male,23-07-2017
Joyce,Mcconnell,JoyceMcconnell51@gmail.com,female,25-08-2017
Melvin,Mccray,MelvinMccray36@gmail.com,male,29-09-2017
Lorraine,Mccullough,LorraineMccullough85@gmail.com,female,01-09-2017
Jimmie,Mcdowell,Jimmie.Mcdowell@gmail.com,male,28-08-2017
Edward,Mcgowan,EdwardMcgowan48@gmail.com,male,30-09-2017
Antonio,Mcguire,AM3833@gmail.com,male,11-07-2017
Grace,Mcguire,GMcguire1978@gmail.com,female,24-09-2017
Tamara,Mcintosh,TMcintosh1978@gmail.com,female,18-08-2017
Glenn,Mcintyre,GMcintyre1978@gmail.com,male,08-07-2017
Melvin,Mckee,MM6703@gmail.com,male,21-07-2017
Regina,Mckenzie,RM3370@yahoo.com,female,04-07-2017
Ken,Mckenzie,KenMckenzie32@gmail.com,male,05-07-2017
Nora,Mckenzie,NoraMckenzie26@gmail.com,female,22-08-2017
Manuel,Mclean,ManuelMclean77@gmail.com,male,06-08-2017
Allen,Mcleod,AMcleod1983@yahoo.com,male,23-08-2017
Debbie,Mcleod,DebbieMcleod35@gmail.com,female,13-09-2017
Kimberly,Mcmillan,KM1045@gmail.com,female,25-09-2017
Alma,Mcmillan,AMcmillan1976@outlook.com,female,04-08-2017
Miriam,Mcneil,Miriam.Mcneil@gmail.com,female,29-09-2017
Teresa,Meadows,TM4032@outlook.com,female,31-08-2017
Tracy,Meadows,TracyMeadows48@gmail.com,female,08-07-2017
Kelly,Mejia,KMejia1972@outlook.com,female,11-08-2017
Courtney,Mejia,CourtneyMejia85@gmail.com,female,10-07-2017
Gail,Melendez,GailMelendez46@gmail.com,female,30-08-2017
Adam,Melton,Adam.Melton@gmail.com,male,19-08-2017
Leroy,Melton,LeroyMelton99@gmail.com,male,23-08-2017
Kathleen,Mercer,Kathleen.Mercer@outlook.com,female,09-08-2017
Ben,Mercer,BenMercer9@gmail.com,male,24-07-2017
Jo,Mercer,JoMercer27@outlook.com,female,22-09-2017
Tanya,Merritt,Tanya.Merritt@gmail.com,female,25-09-2017
Dave,Meyers,DMeyers1993@gmail.com,male,01-09-2017
Juanita,Meyers,JMeyers1998@gmail.com,female,20-08-2017
Leonard,Middleton,LeonardMiddleton45@gmail.com,male,17-08-2017
Cory,Middleton,CMiddleton1987@gmail.com,male,14-09-2017
Renee,Middleton,RM1413@gmail.com,female,29-08-2017
Steve,Middleton,SM5586@gmail.com,male,11-09-2017
Bryan,Miranda,Bryan.Miranda@outlook.com,male,21-09-2017
Darren,Montoya,Darren.Montoya@gmail.com,male,02-08-2017
Joan,Montoya,JoanMontoya67@gmail.com,female,25-07-2017
Enrique,Montoya,EMontoya1980@gmail.com,male,21-09-2017
Claire,Moody,CM7552@gmail.com,female,05-08-2017
Nathan,Moon,NathanMoon35@gmail.com,male,08-07-2017
Brett,Moon,BM2281@gmail.com,male,04-09-2017
Erin,Moon,Erin.Moon@gmail.com,female,12-07-2017
Heidi,Mooney,Heidi.Mooney@gmail.com,female,17-08-2017
Carrie,Morin,CarrieMorin14@gmail.com,female,13-08-2017
Tonya,Morrow,Tonya.Morrow@gmail.com,female,25-08-2017
Terry,Morrow,TMorrow1995@gmail.com,female,16-07-2017
Bernard,Moses,BM1090@gmail.com,male,24-08-2017
Enrique,Moss,EMoss1996@gmail.com,male,23-09-2017
Wayne,Moss,WayneMoss66@gmail.com,male,21-09-2017
Sheila,Mullen,SM6790@gmail.com,female,20-08-2017
Karl,Mullins,KarlMullins43@gmail.com,male,26-09-2017
Jeremy,Munoz,JeremyMunoz92@gmail.com,male,08-08-2017
Valerie,Munoz,VMunoz1998@gmail.com,female,05-07-2017
Julie,Nash,JN1949@gmail.com,female,14-08-2017
Marion,Newton,MarionNewton18@gmail.com,female,15-08-2017
Shane,Newton,SN4718@gmail.com,male,13-08-2017
David,Nicholson,DN4645@outlook.com,male,31-08-2017
Ruben,Nielsen,RubenNielsen93@hotmail.com,male,13-09-2017
Diana,Nixon,DNixon1998@gmail.com,female,12-09-2017
Alma,Noble,ANoble1989@gmail.com,female,24-08-2017
Patrick,Nolan,PatrickNolan76@gmail.com,male,06-08-2017
Megan,Norman,MN3984@gmail.com,female,15-07-2017
Lloyd,Nunez,LloydNunez49@gmail.com,male,08-08-2017
Julian,Odom,Julian.Odom@gmail.com,male,16-08-2017
Walter,Ortega,Walter.Ortega@hotmail.com,male,11-09-2017
Enrique,Osborn,EnriqueOsborn43@gmail.com,male,11-08-2017
Jamie,Owen,JO7076@aol.com,female,13-07-2017
Travis,Owen,TravisOwen92@gmail.com,male,18-07-2017
Glenn,Park,Glenn.Park@gmail.com,male,04-09-2017
Angela,Park,AngelaPark47@gmail.com,female,02-09-2017
Anita,Parrish,AParrish1986@gmail.com,female,27-08-2017
Nina,Pate,NP7576@hotmail.com,female,19-09-2017
Oscar,Patel,OP8915@gmail.com,male,15-08-2017
Shelly,Patel,SP3757@gmail.com,female,27-07-2017
Clyde,Patrick,Clyde.Patrick@gmail.com,male,07-07-2017
Virgil,Patton,VirgilPatton92@gmail.com,male,17-08-2017
Leah,Patton,LPatton1972@gmail.com,female,09-08-2017
Johnny,Peck,JP2181@gmail.com,male,19-09-2017
Louise,Petty,LP9278@gmail.com,female,22-08-2017
Miriam,Phelps,MiriamPhelps13@gmail.com,female,13-09-2017
Christian,Pittman,CP7422@gmail.com,male,02-09-2017
Tonya,Pollard,TPollard1978@gmail.com,female,23-07-2017
Ivan,Poole,IP5980@outlook.com,male,13-07-2017
Marshall,Potter,MP2745@gmail.com,male,09-07-2017
Courtney,Potter,CP5274@gmail.com,female,06-08-2017
Lillie,Potter,LP5023@gmail.com,female,09-07-2017
Greg,Pratt,GPratt1979@gmail.com,male,03-10-2017
Elsie,Preston,ElsiePreston99@gmail.com,female,25-07-2017
Wallace,Prince,WPrince1974@gmail.com,male,17-07-2017
Amy,Prince,AP9509@hotmail.com,female,17-09-2017
Bobby,Puckett,BobbyPuckett89@gmail.com,male,05-08-2017
Emma,Pugh,Emma.Pugh@gmail.com,female,01-09-2017
Carolyn,Pugh,Carolyn.Pugh@yahoo.com,female,31-07-2017
Adam,Quinn,AdamQuinn19@gmail.com,male,07-09-2017
Claudia,Randall,CRandall1988@gmail.com,female,08-09-2017
Paul,Rasmussen,PR5705@gmail.com,male,07-09-2017
Agnes,Raymond,AR4756@aol.com,female,17-07-2017
Isaac,Raymond,IR4864@gmail.com,male,29-09-2017
Charlene,Reilly,Charlene.Reilly@gmail.com,female,03-10-2017
Diane,Reilly,Diane.Reilly@outlook.com,female,03-08-2017
Benjamin,Richard,BRichard1973@gmail.com,male,19-08-2017
Fernando,Riddle,FR2968@gmail.com,male,26-09-2017
Maxine,Riddle,Maxine.Riddle@yahoo.com,female,16-08-2017
Bessie,Riggs,Bessie.Riggs@gmail.com,female,01-10-2017
Shawn,Robbins,SR9307@gmail.com,male,27-07-2017
Walter,Robles,WalterRobles90@gmail.com,male,02-09-2017
Agnes,Rocha,AR2494@gmail.com,female,01-10-2017
Tammy,Rodgers,TammyRodgers99@yahoo.com,female,22-09-2017
Tamara,Rodgers,Tamara.Rodgers@gmail.com,female,28-07-2017
Marshall,Rojas,Marshall.Rojas@gmail.com,male,20-07-2017
Annie,Rollins,ARollins1993@outlook.com,female,11-08-2017
Gerald,Roth,GR9517@gmail.com,male,14-07-2017
Marshall,Rowe,Marshall.Rowe@hotmail.com,male,16-07-2017
Veronica,Rowland,VR1417@yahoo.com,female,18-07-2017
Karl,Roy,KRoy1991@gmail.com,male,03-10-2017
Myrtle,Russo,Myrtle.Russo@gmail.com,female,20-07-2017
Terry,Rutledge,Terry.Rutledge@gmail.com,female,24-09-2017
Regina,Salazar,ReginaSalazar12@gmail.com,female,30-07-2017
Terrance,Sampson,TS9614@gmail.com,male,09-08-2017
Terrence,Sandoval,TS7554@gmail.com,male,07-09-2017
Melanie,Sanford,MS7902@gmail.com,female,14-09-2017
Vernon,Sanford,VSanford1995@hotmail.com,male,25-08-2017
Wesley,Santana,WSantana1988@gmail.com,male,17-07-2017
Erika,Santana,ErikaSantana70@hotmail.com,female,08-08-2017
Benjamin,Saunders,BS9156@gmail.com,male,17-09-2017
Lydia,Saunders,Lydia.Saunders@outlook.com,female,18-07-2017
Sharon,Sawyer,SSawyer1989@gmail.com,female,27-09-2017
Rodney,Sawyer,RodneySawyer76@gmail.com,male,12-07-2017
Sara,Schneider,Sara.Schneider@hotmail.com,female,23-08-2017
Philip,Schroeder,PSchroeder1992@gmail.com,male,08-08-2017
Terrence,Schroeder,Terrence.Schroeder@gmail.com,male,27-09-2017
Tamara,Sears,Tamara.Sears@gmail.com,female,08-08-2017
Harold,Serrano,HSerrano1999@gmail.com,male,18-09-2017
Christian,Serrano,Christian.Serrano@hotmail.com,male,24-09-2017
Jerome,Shaffer,JeromeShaffer65@gmail.com,male,22-09-2017
Nathan,Sharp,NS5703@outlook.com,male,15-07-2017
Evelyn,Sherman,ESherman1979@gmail.com,female,07-09-2017
Julian,Simon,JS8020@gmail.com,male,08-08-2017
Albert,Skinner,AlbertSkinner98@gmail.com,male,01-08-2017
Stephen,Skinner,SS8171@gmail.com,male,08-09-2017
Brandy,Sloan,BrandySloan36@gmail.com,female,23-07-2017
Marilyn,Snow,MarilynSnow1@gmail.com,female,13-08-2017
Arnold,Snow,ArnoldSnow92@gmail.com,male,02-10-2017
Constance,Solis,CSolis1994@gmail.com,female,01-08-2017
Rosa,Solomon,RSolomon1998@gmail.com,female,22-09-2017
Kristen,Solomon,KristenSolomon21@outlook.com,female,31-08-2017
Albert,Sosa,AlbertSosa1@hotmail.com,male,10-09-2017
Luis,Spence,LS7900@gmail.com,male,19-09-2017
Stephanie,Spence,SS2513@gmail.com,female,01-10-2017
Michael,Spence,Michael.Spence@outlook.com,male,16-08-2017
Pauline,Stafford,PaulineStafford3@gmail.com,female,19-09-2017
Maxine,Stein,MS8887@hotmail.com,female,20-07-2017
Rafael,Stevenson,RStevenson1983@gmail.com,male,18-09-2017
Edgar,Stevenson,ES2074@gmail.com,male,25-09-2017
Florence,Stout,Florence.Stout@gmail.com,female,31-08-2017
Erika,Strong,ES6441@gmail.com,female,05-08-2017
Regina,Strong,RS5623@outlook.com,female,17-08-2017
Tamara,Stuart,Tamara.Stuart@gmail.com,female,21-07-2017
Beatrice,Stuart,BStuart1992@outlook.com,female,16-09-2017
Derek,Stuart,DS5666@gmail.com,male,25-08-2017
Lonnie,Suarez,LSuarez1974@gmail.com,male,27-07-2017
Tracy,Summers,Tracy.Summers@yahoo.com,female,04-07-2017
Curtis,Sweeney,Curtis.Sweeney@gmail.com,male,18-08-2017
Jenny,Sykes,Jenny.Sykes@outlook.com,female,12-07-2017
Don,Sykes,Don.Sykes@gmail.com,male,03-07-2017
Paula,Tate,Paula.Tate@yahoo.com,female,21-08-2017
Leona,Tate,LTate1989@gmail.com,female,29-09-2017
Frederick,Terrell,FT8626@outlook.com,male,02-09-2017
Lisa,Thornton,Lisa.Thornton@hotmail.com,female,08-08-2017
Arlene,Townsend,ATownsend1972@gmail.com,female,28-07-2017
Bill,Tran,BTran1979@gmail.com,male,23-07-2017
Billie,Tran,BillieTran2@gmail.com,female,09-09-2017
Joseph,Travis,Joseph.Travis@gmail.com,male,26-07-2017
Leon,Travis,LTravis1974@gmail.com,male,19-09-2017
Oscar,Trujillo,Oscar.Trujillo@gmail.com,male,12-08-2017
Leslie,Trujillo,LTrujillo1989@gmail.com,male,29-07-2017
Karl,Valdez,KV1460@gmail.com,male,07-09-2017
Alberto,Valentine,AValentine1970@gmail.com,male,24-08-2017
Amy,Valenzuela,Amy.Valenzuela@gmail.com,female,17-09-2017
Fred,Vang,FredVang90@hotmail.com,male,15-08-2017
Jane,Vaughan,JVaughan1988@gmail.com,female,25-07-2017
Joel,Vaughan,JoelVaughan26@gmail.com,male,25-09-2017
Eric,Vega,EV2227@gmail.com,male,29-07-2017
Freddie,Velasquez,FreddieVelasquez89@gmail.com,male,15-09-2017
Jaime,Velazquez,JVelazquez1976@outlook.com,male,23-09-2017
Adrian,Villarreal,Adrian.Villarreal@gmail.com,male,24-07-2017
Glenn,Villarreal,Glenn.Villarreal@gmail.com,male,14-08-2017
Erica,Villarreal,EV6272@gmail.com,female,21-07-2017
Rita,Vinson,RitaVinson48@gmail.com,female,17-07-2017
Kelly,Wall,KW8630@gmail.com,female,07-08-2017
Nancy,Waller,NancyWaller93@gmail.com,female,21-08-2017
Billie,Walls,BW8914@gmail.com,female,19-07-2017
Julio,Walsh,JWalsh1972@gmail.com,male,26-07-2017
Max,Warner,MW4916@gmail.com,male,20-09-2017
Regina,Webster,RWebster1980@gmail.com,female,01-09-2017
Alexander,Webster,Alexander.Webster@outlook.com,male,17-07-2017
Kathy,Weeks,KWeeks1983@yahoo.com,female,04-10-2017
Christy,Weiss,ChristyWeiss59@gmail.com,female,30-07-2017
Keith,Whitaker,KWhitaker1978@gmail.com,male,12-08-2017
Juanita,Whitaker,Juanita.Whitaker@gmail.com,female,12-09-2017
Marilyn,Whitaker,MWhitaker1993@gmail.com,female,19-07-2017
Melinda,Whitfield,MW7937@gmail.com,female,10-08-2017
Lillie,Whitfield,LillieWhitfield83@gmail.com,female,10-08-2017
Velma,Whitfield,Velma.Whitfield@gmail.com,female,29-08-2017
Darren,Whitney,DWhitney1970@hotmail.com,male,19-09-2017
Sonia,Whitney,SWhitney1994@outlook.com,female,28-08-2017
Brandon,Wiggins,BrandonWiggins78@gmail.com,male,05-07-2017
April,Wilcox,April.Wilcox@gmail.com,female,07-08-2017
Stephanie,Wilcox,SW9513@gmail.com,female,04-07-2017
Victoria,Wilkerson,VW5128@gmail.com,female,09-08-2017
Gertrude,Wilkerson,Gertrude.Wilkerson@yahoo.com,female,29-08-2017
Alice,Witt,AWitt1990@yahoo.com,female,01-10-2017
Mae,Witt,MWitt1976@gmail.com,female,12-08-2017
Paul,Wolf,PaulWolf34@gmail.com,male,21-09-2017
Christian,Wolfe,CWolfe1990@gmail.com,male,27-08-2017
Lloyd,Wong,LWong1999@gmail.com,male,22-08-2017
Benjamin,Wong,BW7382@gmail.com,male,26-08-2017
Rosa,Woodard,RosaWoodard27@outlook.com,female,08-09-2017
Gary,Yang,GY3609@gmail.com,male,16-08-2017
Sharon,Yates,Sharon.Yates@gmail.com,female,18-07-2017
Billie,Yates,BillieYates91@hotmail.com,female,10-08-2017
Jeffery,Zamora,JZ2811@gmail.com,male,24-07-2017
